{
  "version": "V14",
  "task": "matbench_steels",
  "strategy": "Mega Features: Flat vs Tokenized Attention",
  "seed": 42,
  "total_min": 15.7,
  "models": {
    "V14A-Flat": {
      "avg": 94.9386,
      "std": 14.2106,
      "folds": [
        122.2457275390625,
        82.77328491210938,
        85.37074279785156,
        94.26790618896484,
        90.03530883789062
      ],
      "params": 238509
    },
    "V14B-Tokenized": {
      "avg": 96.1497,
      "std": 12.1421,
      "folds": [
        113.29887390136719,
        86.50682830810547,
        81.56122589111328,
        107.17987060546875,
        92.20172119140625
      ],
      "params": 195917
    }
  }
}