{
  "version": "V12",
  "task": "matbench_steels",
  "strategy": "Scaled + Expanded Features + Confidence DS",
  "total_min": 14.9,
  "models": {
    "V12A-StdDS": {
      "avg": 95.9914,
      "std": 10.5563,
      "folds": [
        114.71159362792969,
        82.74905395507812,
        97.48310089111328,
        94.06517028808594,
        90.9478988647461
      ],
      "params": 191213
    },
    "V12B-ConfDS": {
      "avg": 97.5881,
      "std": 16.2063,
      "folds": [
        122.4560317993164,
        96.89567565917969,
        74.54817962646484,
        106.04361724853516,
        87.9971694946289
      ],
      "params": 195918
    }
  },
  "confidence": {
    "V12B-ConfDS": {
      "avg_weights": [
        0.0,
        0.0,
        0.0,
        0.0,
        0.0,
        0.0,
        0.0,
        0.0,
        0.0,
        9.999999747378752e-05,
        0.00039999998989515007,
        0.001500000013038516,
        0.005200000014156103,
        0.009800000116229057,
        0.014000000432133675,
        0.01730000041425228,
        0.023800000548362732,
        0.030700000002980232,
        0.04149999842047691,
        0.05700000002980232,
        0.10480000078678131,
        0.6938999891281128
      ],
      "avg_peak_step": 21.878204345703125
    }
  }
}