{
  "version": "V13",
  "task": "matbench_steels",
  "strategy": "2-Layer SA + Multi-Seed Ensemble",
  "seeds": [
    42,
    123,
    7,
    0,
    99
  ],
  "n_seeds": 5,
  "total_min": 76.6,
  "models": {
    "V13A-2xSA-StdDS": {
      "ensemble_avg": 91.2028,
      "ensemble_std": 12.2271,
      "ensemble_folds": [
        114.3248,
        81.4639,
        80.5513,
        90.4915,
        89.1827
      ],
      "params": 224685,
      "best_single_seed": 123,
      "best_single_mae": 96.7742,
      "per_seed_avgs": {
        "42": 98.7218,
        "123": 96.7742,
        "7": 98.7624,
        "0": 102.5524,
        "99": 102.1098
      }
    },
    "V13B-2xSA-ConfDS": {
      "ensemble_avg": 93.0385,
      "ensemble_std": 13.0131,
      "ensemble_folds": [
        106.4776,
        77.0405,
        77.8036,
        105.0778,
        98.7931
      ],
      "params": 229390,
      "best_single_seed": 123,
      "best_single_mae": 97.0794,
      "per_seed_avgs": {
        "42": 101.6413,
        "123": 97.0794,
        "7": 100.2704,
        "0": 107.4155,
        "99": 104.9288
      }
    }
  },
  "confidence": {
    "V13B-2xSA-ConfDS": {
      "avg_weights": [
        0.0,
        0.0,
        0.0,
        0.0,
        0.0,
        0.0,
        0.0,
        0.0,
        0.0,
        0.00019999999494757503,
        0.0008999999845400453,
        0.003599999938160181,
        0.007300000172108412,
        0.011099999770522118,
        0.012299999594688416,
        0.014100000262260437,
        0.0203000009059906,
        0.028699999675154686,
        0.03840000182390213,
        0.05939999967813492,
        0.131400004029274,
        0.6722999811172485
      ],
      "avg_peak_step": 21.689102172851562
    }
  }
}