{
  "version": "V7",
  "task": "matbench_steels",
  "configs": {
    "V7A": "MLP-SWA h=64 ff=128",
    "V7B": "Hybrid-L d_attn=48 d_hidden=64 ff=100",
    "V7C": "Hybrid-L \u00d73 seeds ensemble",
    "V7D": "Cross-arch (MLP + Hybrid avg)"
  },
  "total_min": 17.3,
  "models": {
    "V7A-MLP-SWA": {
      "avg": 131.052,
      "std": 16.7746,
      "folds": [
        127.27957916259766,
        151.79071044921875,
        112.29768371582031,
        149.40017700195312,
        114.49198913574219
      ],
      "params": 79489
    },
    "V7B-Hybrid-L": {
      "avg": 127.0782,
      "std": 18.7168,
      "folds": [
        124.56000518798828,
        153.03005981445312,
        104.59429168701172,
        143.42276000976562,
        109.7840347290039
      ],
      "params": 87353
    },
    "V7C-Hybrid-Ens": {
      "avg": 134.0587,
      "std": 13.3028,
      "folds": [
        128.0334930419922,
        153.69161987304688,
        128.52655029296875,
        144.16061401367188,
        115.88134765625
      ],
      "params": 87353,
      "n_seeds": 3
    },
    "V7D-Cross-Arch": {
      "avg": 128.2191,
      "std": 14.6262,
      "folds": [
        124.33424377441406,
        146.9091339111328,
        116.95291900634766,
        143.36155700683594,
        109.53743743896484
      ],
      "params": 166842
    }
  },
  "fold_details": [
    {
      "mlp_mae": 127.27957916259766,
      "hyb_best_mae": 124.56000518798828,
      "hyb_indiv": [
        152.5603790283203,
        134.16456604003906,
        124.56000518798828
      ],
      "hyb_ens_mae": 128.0334930419922,
      "cross_mae": 124.33424377441406
    },
    {
      "mlp_mae": 151.79071044921875,
      "hyb_best_mae": 153.03005981445312,
      "hyb_indiv": [
        154.44918823242188,
        154.149658203125,
        153.03005981445312
      ],
      "hyb_ens_mae": 153.69161987304688,
      "cross_mae": 146.9091339111328
    },
    {
      "mlp_mae": 112.29768371582031,
      "hyb_best_mae": 104.59429168701172,
      "hyb_indiv": [
        104.59429168701172,
        140.58523559570312,
        160.80050659179688
      ],
      "hyb_ens_mae": 128.52655029296875,
      "cross_mae": 116.95291900634766
    },
    {
      "mlp_mae": 149.40017700195312,
      "hyb_best_mae": 143.42276000976562,
      "hyb_indiv": [
        143.42276000976562,
        155.24447631835938,
        161.80984497070312
      ],
      "hyb_ens_mae": 144.16061401367188,
      "cross_mae": 143.36155700683594
    },
    {
      "mlp_mae": 114.49198913574219,
      "hyb_best_mae": 109.7840347290039,
      "hyb_indiv": [
        109.7840347290039,
        153.36367797851562,
        110.73320770263672
      ],
      "hyb_ens_mae": 115.88134765625,
      "cross_mae": 109.53743743896484
    }
  ],
  "mlp_convergence": [
    1382.6598,
    1319.4305,
    1241.2863,
    1154.7292,
    1063.3732,
    969.4793,
    874.397,
    778.7488,
    682.7925,
    587.3778,
    493.9536,
    403.5828,
    317.4833,
    234.8558,
    164.6461,
    131.052
  ],
  "hyb_convergence": [
    1407.4653,
    1372.164,
    1310.4725,
    1227.984,
    1134.3456,
    1035.5543,
    934.3486,
    832.0285,
    729.1443,
    626.5475,
    525.4627,
    429.5501,
    336.8364,
    249.0544,
    170.3028,
    132.9621
  ]
}