{
  "version": "V10.1",
  "task": "matbench_steels",
  "purpose": "Reproducibility test \u2014 V10A architecture \u00d7 3 seeds",
  "seeds": [
    42,
    123,
    7
  ],
  "grand_mean_mae": 105.854,
  "seed_std": 3.0044,
  "verdict": "STABLE \u2705 (seed std < 6 MPa)",
  "total_min": 19.1,
  "models": {
    "Seed-42": {
      "avg": 103.2867,
      "std": 10.4956,
      "folds": [
        118.66950988769531,
        95.31525421142578,
        91.56871795654297,
        112.65190124511719,
        98.22801971435547
      ],
      "seed": 42,
      "params": 87353
    },
    "Seed-123": {
      "avg": 104.2057,
      "std": 8.0736,
      "folds": [
        116.31158447265625,
        96.28728485107422,
        96.68463134765625,
        111.09457397460938,
        100.65061950683594
      ],
      "seed": 123,
      "params": 87353
    },
    "Seed-7": {
      "avg": 110.0696,
      "std": 13.457,
      "folds": [
        122.85546875,
        104.1255874633789,
        94.79137420654297,
        129.0802764892578,
        99.49546813964844
      ],
      "seed": 7,
      "params": 87353
    }
  },
  "fold_details": {
    "Seed-42": [
      118.6695,
      95.3153,
      91.5687,
      112.6519,
      98.228
    ],
    "Seed-123": [
      116.3116,
      96.2873,
      96.6846,
      111.0946,
      100.6506
    ],
    "Seed-7": [
      122.8555,
      104.1256,
      94.7914,
      129.0803,
      99.4955
    ]
  }
}